
{
  "START": {"lat1": 36.73893, "lon1": -4.47788, "lat2": 36.73895, "lon2": -4.47771, "lat3": 36.73883, "lon3": -4.47785, "lat4": 36.73884, "lon4": -4.47771},
  "SECTOR2": {"lat1": 36.73855, "lon1": -4.4785, "lat2": 36.73845, "lon2": -4.47846, "lat3": 36.7384, "lon3": -4.47872, "lat4": 36.73854, "lon4": -4.47875},
  "SECTOR3": {"lat1": 36.73886,  "lon1": -4.47965, "lat2": 36.73896, "lon2": -4.47967, "lat3": 36.73901, "lon3": -4.47936, "lat4": 36.73889, "lon4": -4.47934},
  "MOCK": [
  ]
}
