
{
  "START": {"lat1": 36.70966, "lon1": -6.03257, "lat2": 36.70971, "lon2": -6.03243, "lat3": 36.7098, "lon3": -6.03265, "lat4": 36.70984, "lon4": -6.0325},
  "SECTOR2": {"lat1": 36.70933, "lon1": -6.02912, "lat2": 36.70918, "lon2": -6.02914, "lat3": 36.7093, "lon3": -6.02879, "lat4": 36.70914, "lon4": -6.02881},
  "SECTOR3": {"lat1": 36.70798, "lon1": -6.03565, "lat2": 36.70789, "lon2": -6.03547, "lat3": 36.70782, "lon3": -6.03573, "lat4": 36.70779, "lon4": -6.03556},

  "MOCK": [
    [, ]
  ]
}
